Age,Total_Purchase,Account_Manager,Years,Num_Sites,Days_since_onboard,Ads_per_year,Num_sites,Churn_Prediction
0.7427813527082077,0.4578877455457463,1,0.9258200997725514,10,0.8325183599429717,-0.9137933434864008,0.8401680504168059,1
-0.0928476690885256,-0.8241979419823433,0,-0.4629100498862757,7,0.10030026167290307,-0.4004820216365095,-0.42008402520840293,0
1.4391388708721522,1.9231285312921345,1,1.3887301496588271,12,1.5458810565408498,-0.556707206547346,1.6803361008336117,1
-0.78920518725247,-0.494518765189406,0,-0.9258200997725514,6,-1.117444429656074,0.8597344699775719,-0.8401680504168059,0
0.32496684180984103,0.01831550982182985,1,0.4629100498862757,8,-0.07568348726754263,-0.8066675024046843,0.0,0
-1.6248342090492034,-1.0806150794879612,0,-1.3887301496588271,5,-1.2855717612331068,1.8179156040973687,-1.260252075625209,0
