Age,Total_Purchase,Account_Manager,Years,Num_Sites,Days_since_onboard,Ads_per_year,Num_sites,Churn_Prediction
45.0,12000.0,1,7.0,31.804761428476166,2618.0,1714.2857142857142,0.8401680504168059,1
39.0,8500.0,0,4.0,24.663332999933317,2152.0,2125.0,-0.42008402520840293,0
50.0,16000.0,1,8.0,36.5657137141714,3072.0,2000.0,1.6803361008336117,1
34.0,9400.0,0,3.0,22.2828568570857,1377.0,3133.3333333333335,-0.8401680504168059,0
42.0,10800.0,1,6.0,27.043809142780933,2040.0,1800.0,0.0,0
28.0,7800.0,0,2.0,19.902380714238085,1270.0,3900.0,-1.260252075625209,0
